-- phpMyAdmin SQL Dump
-- version 5.2.1
-- https://www.phpmyadmin.net/
--
-- Host: 127.0.0.1
-- Generation Time: Jul 03, 2025 at 08:20 AM
-- Server version: 11.6.2-MariaDB
-- PHP Version: 8.2.12

SET SQL_MODE = "NO_AUTO_VALUE_ON_ZERO";
START TRANSACTION;
SET time_zone = "+00:00";


/*!40101 SET @OLD_CHARACTER_SET_CLIENT=@@CHARACTER_SET_CLIENT */;
/*!40101 SET @OLD_CHARACTER_SET_RESULTS=@@CHARACTER_SET_RESULTS */;
/*!40101 SET @OLD_COLLATION_CONNECTION=@@COLLATION_CONNECTION */;
/*!40101 SET NAMES utf8mb4 */;

--
-- Database: `informationsystem`
--

-- --------------------------------------------------------

--
-- Table structure for table `auth_group`
--

CREATE TABLE `auth_group` (
  `id` int(11) NOT NULL,
  `name` varchar(150) NOT NULL
) ENGINE=InnoDB DEFAULT CHARSET=utf8mb4 COLLATE=utf8mb4_general_ci;

-- --------------------------------------------------------

--
-- Table structure for table `auth_group_permissions`
--

CREATE TABLE `auth_group_permissions` (
  `id` bigint(20) NOT NULL,
  `group_id` int(11) NOT NULL,
  `permission_id` int(11) NOT NULL
) ENGINE=InnoDB DEFAULT CHARSET=utf8mb4 COLLATE=utf8mb4_general_ci;

-- --------------------------------------------------------

--
-- Table structure for table `auth_permission`
--

CREATE TABLE `auth_permission` (
  `id` int(11) NOT NULL,
  `name` varchar(255) NOT NULL,
  `content_type_id` int(11) NOT NULL,
  `codename` varchar(100) NOT NULL
) ENGINE=InnoDB DEFAULT CHARSET=utf8mb4 COLLATE=utf8mb4_general_ci;

--
-- Dumping data for table `auth_permission`
--

INSERT INTO `auth_permission` (`id`, `name`, `content_type_id`, `codename`) VALUES
(1, 'Can add log entry', 1, 'add_logentry'),
(2, 'Can change log entry', 1, 'change_logentry'),
(3, 'Can delete log entry', 1, 'delete_logentry'),
(4, 'Can view log entry', 1, 'view_logentry'),
(5, 'Can add permission', 2, 'add_permission'),
(6, 'Can change permission', 2, 'change_permission'),
(7, 'Can delete permission', 2, 'delete_permission'),
(8, 'Can view permission', 2, 'view_permission'),
(9, 'Can add group', 3, 'add_group'),
(10, 'Can change group', 3, 'change_group'),
(11, 'Can delete group', 3, 'delete_group'),
(12, 'Can view group', 3, 'view_group'),
(13, 'Can add user', 4, 'add_user'),
(14, 'Can change user', 4, 'change_user'),
(15, 'Can delete user', 4, 'delete_user'),
(16, 'Can view user', 4, 'view_user'),
(17, 'Can add basic info', 5, 'add_basicinfo'),
(18, 'Can change basic info', 5, 'change_basicinfo'),
(19, 'Can delete basic info', 5, 'delete_basicinfo'),
(20, 'Can view basic info', 5, 'view_basicinfo'),
(21, 'Can add content type', 6, 'add_contenttype'),
(22, 'Can change content type', 6, 'change_contenttype'),
(23, 'Can delete content type', 6, 'delete_contenttype'),
(24, 'Can view content type', 6, 'view_contenttype'),
(25, 'Can add session', 7, 'add_session'),
(26, 'Can change session', 7, 'change_session'),
(27, 'Can delete session', 7, 'delete_session'),
(28, 'Can view session', 7, 'view_session');

-- --------------------------------------------------------

--
-- Table structure for table `auth_user`
--

CREATE TABLE `auth_user` (
  `id` int(11) NOT NULL,
  `password` varchar(128) NOT NULL,
  `last_login` datetime(6) DEFAULT NULL,
  `is_superuser` tinyint(1) NOT NULL,
  `username` varchar(150) NOT NULL,
  `first_name` varchar(150) NOT NULL,
  `last_name` varchar(150) NOT NULL,
  `email` varchar(254) NOT NULL,
  `is_staff` tinyint(1) NOT NULL,
  `is_active` tinyint(1) NOT NULL,
  `date_joined` datetime(6) NOT NULL
) ENGINE=InnoDB DEFAULT CHARSET=utf8mb4 COLLATE=utf8mb4_general_ci;

-- --------------------------------------------------------

--
-- Table structure for table `auth_user_groups`
--

CREATE TABLE `auth_user_groups` (
  `id` bigint(20) NOT NULL,
  `user_id` int(11) NOT NULL,
  `group_id` int(11) NOT NULL
) ENGINE=InnoDB DEFAULT CHARSET=utf8mb4 COLLATE=utf8mb4_general_ci;

-- --------------------------------------------------------

--
-- Table structure for table `auth_user_user_permissions`
--

CREATE TABLE `auth_user_user_permissions` (
  `id` bigint(20) NOT NULL,
  `user_id` int(11) NOT NULL,
  `permission_id` int(11) NOT NULL
) ENGINE=InnoDB DEFAULT CHARSET=utf8mb4 COLLATE=utf8mb4_general_ci;

-- --------------------------------------------------------

--
-- Table structure for table `django_admin_log`
--

CREATE TABLE `django_admin_log` (
  `id` int(11) NOT NULL,
  `action_time` datetime(6) NOT NULL,
  `object_id` longtext DEFAULT NULL,
  `object_repr` varchar(200) NOT NULL,
  `action_flag` smallint(5) UNSIGNED NOT NULL CHECK (`action_flag` >= 0),
  `change_message` longtext NOT NULL,
  `content_type_id` int(11) DEFAULT NULL,
  `user_id` int(11) NOT NULL
) ENGINE=InnoDB DEFAULT CHARSET=utf8mb4 COLLATE=utf8mb4_general_ci;

-- --------------------------------------------------------

--
-- Table structure for table `django_content_type`
--

CREATE TABLE `django_content_type` (
  `id` int(11) NOT NULL,
  `app_label` varchar(100) NOT NULL,
  `model` varchar(100) NOT NULL
) ENGINE=InnoDB DEFAULT CHARSET=utf8mb4 COLLATE=utf8mb4_general_ci;

--
-- Dumping data for table `django_content_type`
--

INSERT INTO `django_content_type` (`id`, `app_label`, `model`) VALUES
(1, 'admin', 'logentry'),
(3, 'auth', 'group'),
(2, 'auth', 'permission'),
(4, 'auth', 'user'),
(6, 'contenttypes', 'contenttype'),
(5, 'petInfoSys', 'basicinfo'),
(7, 'sessions', 'session');

-- --------------------------------------------------------

--
-- Table structure for table `django_migrations`
--

CREATE TABLE `django_migrations` (
  `id` bigint(20) NOT NULL,
  `app` varchar(255) NOT NULL,
  `name` varchar(255) NOT NULL,
  `applied` datetime(6) NOT NULL
) ENGINE=InnoDB DEFAULT CHARSET=utf8mb4 COLLATE=utf8mb4_general_ci;

--
-- Dumping data for table `django_migrations`
--

INSERT INTO `django_migrations` (`id`, `app`, `name`, `applied`) VALUES
(1, 'contenttypes', '0001_initial', '2025-05-03 13:07:18.816010'),
(2, 'auth', '0001_initial', '2025-05-03 13:07:19.193717'),
(3, 'admin', '0001_initial', '2025-05-03 13:07:19.261038'),
(4, 'admin', '0002_logentry_remove_auto_add', '2025-05-03 13:07:19.266069'),
(5, 'admin', '0003_logentry_add_action_flag_choices', '2025-05-03 13:07:19.272441'),
(6, 'contenttypes', '0002_remove_content_type_name', '2025-05-03 13:07:19.332319'),
(7, 'auth', '0002_alter_permission_name_max_length', '2025-05-03 13:07:19.398579'),
(8, 'auth', '0003_alter_user_email_max_length', '2025-05-03 13:07:19.456652'),
(9, 'auth', '0004_alter_user_username_opts', '2025-05-03 13:07:19.462334'),
(10, 'auth', '0005_alter_user_last_login_null', '2025-05-03 13:07:19.492491'),
(11, 'auth', '0006_require_contenttypes_0002', '2025-05-03 13:07:19.494501'),
(12, 'auth', '0007_alter_validators_add_error_messages', '2025-05-03 13:07:19.498518'),
(13, 'auth', '0008_alter_user_username_max_length', '2025-05-03 13:07:19.517490'),
(14, 'auth', '0009_alter_user_last_name_max_length', '2025-05-03 13:07:19.536273'),
(15, 'auth', '0010_alter_group_name_max_length', '2025-05-03 13:07:19.555260'),
(16, 'auth', '0011_update_proxy_permissions', '2025-05-03 13:07:19.560294'),
(17, 'auth', '0012_alter_user_first_name_max_length', '2025-05-03 13:07:19.578788'),
(18, 'petInfoSys', '0001_initial', '2025-05-03 13:07:19.589030'),
(19, 'petInfoSys', '0002_alter_basicinfo_emergencynumber_and_more', '2025-05-03 13:07:19.637912'),
(20, 'sessions', '0001_initial', '2025-05-03 13:07:19.666498');

-- --------------------------------------------------------

--
-- Table structure for table `django_session`
--

CREATE TABLE `django_session` (
  `session_key` varchar(40) NOT NULL,
  `session_data` longtext NOT NULL,
  `expire_date` datetime(6) NOT NULL
) ENGINE=InnoDB DEFAULT CHARSET=utf8mb4 COLLATE=utf8mb4_general_ci;

-- --------------------------------------------------------

--
-- Table structure for table `petinfosys_basicinfo`
--

CREATE TABLE `petinfosys_basicinfo` (
  `id` bigint(20) NOT NULL,
  `firstName` varchar(255) NOT NULL,
  `lastName` varchar(255) NOT NULL,
  `phoneNumber` varchar(255) NOT NULL,
  `province` varchar(255) NOT NULL,
  `city` varchar(255) NOT NULL,
  `barangay` varchar(255) NOT NULL,
  `detailedAddress` varchar(255) NOT NULL,
  `email` varchar(255) NOT NULL,
  `emergencyNumber` varchar(255) NOT NULL
) ENGINE=InnoDB DEFAULT CHARSET=utf8mb4 COLLATE=utf8mb4_general_ci;

--
-- Dumping data for table `petinfosys_basicinfo`
--

INSERT INTO `petinfosys_basicinfo` (`id`, `firstName`, `lastName`, `phoneNumber`, `province`, `city`, `barangay`, `detailedAddress`, `email`, `emergencyNumber`) VALUES
(1, 'Dredd', 'Domasian', '09272483891', 'Cavite', 'City of General Trias', 'San Francisco', 'Camella Vita Ph1 Blk10 Lot09', 'domasiandredd@gmail.com', '09272483891'),
(2, 'Robert', 'Moleno', '09265468', 'Pangasinan', 'Balungao', 'Esmeralda', 'GRS', 'moleno.bort@gmail.com', '08521684'),
(3, 'Cis', 'salem', '1685498646', 'Pangasinan', 'Bani', 'Arwas', 'fbarf', 'fyulkdtgh', 'jsarftjs'),
(4, 'try ', 'lang', '28565465', 'Pangasinan', 'Agno', 'Cayungnan', 'aerfhaedfg', 'hsdryj', 'sfgjsdfgh'),
(5, 'isa pa', 'kupal', 'sryksrfhg', 'Ilocos Sur', 'Banayoyo', 'Cadanglaan', 'jsfgjhs', 'fdghaeth', 'adfghadrgf'),
(6, 'lugui', 'lgtuikjlg', 'hjklfghjk', 'Ilocos Sur', 'Bantay', 'Balaleng', 'dgukd', 'ghjsdfgh', 'kzfghj');

--
-- Indexes for dumped tables
--

--
-- Indexes for table `auth_group`
--
ALTER TABLE `auth_group`
  ADD PRIMARY KEY (`id`),
  ADD UNIQUE KEY `name` (`name`);

--
-- Indexes for table `auth_group_permissions`
--
ALTER TABLE `auth_group_permissions`
  ADD PRIMARY KEY (`id`),
  ADD UNIQUE KEY `auth_group_permissions_group_id_permission_id_0cd325b0_uniq` (`group_id`,`permission_id`),
  ADD KEY `auth_group_permissio_permission_id_84c5c92e_fk_auth_perm` (`permission_id`);

--
-- Indexes for table `auth_permission`
--
ALTER TABLE `auth_permission`
  ADD PRIMARY KEY (`id`),
  ADD UNIQUE KEY `auth_permission_content_type_id_codename_01ab375a_uniq` (`content_type_id`,`codename`);

--
-- Indexes for table `auth_user`
--
ALTER TABLE `auth_user`
  ADD PRIMARY KEY (`id`),
  ADD UNIQUE KEY `username` (`username`);

--
-- Indexes for table `auth_user_groups`
--
ALTER TABLE `auth_user_groups`
  ADD PRIMARY KEY (`id`),
  ADD UNIQUE KEY `auth_user_groups_user_id_group_id_94350c0c_uniq` (`user_id`,`group_id`),
  ADD KEY `auth_user_groups_group_id_97559544_fk_auth_group_id` (`group_id`);

--
-- Indexes for table `auth_user_user_permissions`
--
ALTER TABLE `auth_user_user_permissions`
  ADD PRIMARY KEY (`id`),
  ADD UNIQUE KEY `auth_user_user_permissions_user_id_permission_id_14a6b632_uniq` (`user_id`,`permission_id`),
  ADD KEY `auth_user_user_permi_permission_id_1fbb5f2c_fk_auth_perm` (`permission_id`);

--
-- Indexes for table `django_admin_log`
--
ALTER TABLE `django_admin_log`
  ADD PRIMARY KEY (`id`),
  ADD KEY `django_admin_log_content_type_id_c4bce8eb_fk_django_co` (`content_type_id`),
  ADD KEY `django_admin_log_user_id_c564eba6_fk_auth_user_id` (`user_id`);

--
-- Indexes for table `django_content_type`
--
ALTER TABLE `django_content_type`
  ADD PRIMARY KEY (`id`),
  ADD UNIQUE KEY `django_content_type_app_label_model_76bd3d3b_uniq` (`app_label`,`model`);

--
-- Indexes for table `django_migrations`
--
ALTER TABLE `django_migrations`
  ADD PRIMARY KEY (`id`);

--
-- Indexes for table `django_session`
--
ALTER TABLE `django_session`
  ADD PRIMARY KEY (`session_key`),
  ADD KEY `django_session_expire_date_a5c62663` (`expire_date`);

--
-- Indexes for table `petinfosys_basicinfo`
--
ALTER TABLE `petinfosys_basicinfo`
  ADD PRIMARY KEY (`id`);

--
-- AUTO_INCREMENT for dumped tables
--

--
-- AUTO_INCREMENT for table `auth_group`
--
ALTER TABLE `auth_group`
  MODIFY `id` int(11) NOT NULL AUTO_INCREMENT;

--
-- AUTO_INCREMENT for table `auth_group_permissions`
--
ALTER TABLE `auth_group_permissions`
  MODIFY `id` bigint(20) NOT NULL AUTO_INCREMENT;

--
-- AUTO_INCREMENT for table `auth_permission`
--
ALTER TABLE `auth_permission`
  MODIFY `id` int(11) NOT NULL AUTO_INCREMENT, AUTO_INCREMENT=29;

--
-- AUTO_INCREMENT for table `auth_user`
--
ALTER TABLE `auth_user`
  MODIFY `id` int(11) NOT NULL AUTO_INCREMENT;

--
-- AUTO_INCREMENT for table `auth_user_groups`
--
ALTER TABLE `auth_user_groups`
  MODIFY `id` bigint(20) NOT NULL AUTO_INCREMENT;

--
-- AUTO_INCREMENT for table `auth_user_user_permissions`
--
ALTER TABLE `auth_user_user_permissions`
  MODIFY `id` bigint(20) NOT NULL AUTO_INCREMENT;

--
-- AUTO_INCREMENT for table `django_admin_log`
--
ALTER TABLE `django_admin_log`
  MODIFY `id` int(11) NOT NULL AUTO_INCREMENT;

--
-- AUTO_INCREMENT for table `django_content_type`
--
ALTER TABLE `django_content_type`
  MODIFY `id` int(11) NOT NULL AUTO_INCREMENT, AUTO_INCREMENT=8;

--
-- AUTO_INCREMENT for table `django_migrations`
--
ALTER TABLE `django_migrations`
  MODIFY `id` bigint(20) NOT NULL AUTO_INCREMENT, AUTO_INCREMENT=21;

--
-- AUTO_INCREMENT for table `petinfosys_basicinfo`
--
ALTER TABLE `petinfosys_basicinfo`
  MODIFY `id` bigint(20) NOT NULL AUTO_INCREMENT, AUTO_INCREMENT=7;

--
-- Constraints for dumped tables
--

--
-- Constraints for table `auth_group_permissions`
--
ALTER TABLE `auth_group_permissions`
  ADD CONSTRAINT `auth_group_permissio_permission_id_84c5c92e_fk_auth_perm` FOREIGN KEY (`permission_id`) REFERENCES `auth_permission` (`id`),
  ADD CONSTRAINT `auth_group_permissions_group_id_b120cbf9_fk_auth_group_id` FOREIGN KEY (`group_id`) REFERENCES `auth_group` (`id`);

--
-- Constraints for table `auth_permission`
--
ALTER TABLE `auth_permission`
  ADD CONSTRAINT `auth_permission_content_type_id_2f476e4b_fk_django_co` FOREIGN KEY (`content_type_id`) REFERENCES `django_content_type` (`id`);

--
-- Constraints for table `auth_user_groups`
--
ALTER TABLE `auth_user_groups`
  ADD CONSTRAINT `auth_user_groups_group_id_97559544_fk_auth_group_id` FOREIGN KEY (`group_id`) REFERENCES `auth_group` (`id`),
  ADD CONSTRAINT `auth_user_groups_user_id_6a12ed8b_fk_auth_user_id` FOREIGN KEY (`user_id`) REFERENCES `auth_user` (`id`);

--
-- Constraints for table `auth_user_user_permissions`
--
ALTER TABLE `auth_user_user_permissions`
  ADD CONSTRAINT `auth_user_user_permi_permission_id_1fbb5f2c_fk_auth_perm` FOREIGN KEY (`permission_id`) REFERENCES `auth_permission` (`id`),
  ADD CONSTRAINT `auth_user_user_permissions_user_id_a95ead1b_fk_auth_user_id` FOREIGN KEY (`user_id`) REFERENCES `auth_user` (`id`);

--
-- Constraints for table `django_admin_log`
--
ALTER TABLE `django_admin_log`
  ADD CONSTRAINT `django_admin_log_content_type_id_c4bce8eb_fk_django_co` FOREIGN KEY (`content_type_id`) REFERENCES `django_content_type` (`id`),
  ADD CONSTRAINT `django_admin_log_user_id_c564eba6_fk_auth_user_id` FOREIGN KEY (`user_id`) REFERENCES `auth_user` (`id`);
COMMIT;

/*!40101 SET CHARACTER_SET_CLIENT=@OLD_CHARACTER_SET_CLIENT */;
/*!40101 SET CHARACTER_SET_RESULTS=@OLD_CHARACTER_SET_RESULTS */;
/*!40101 SET COLLATION_CONNECTION=@OLD_COLLATION_CONNECTION */;
